{"cameraMode":{"drawMode":0,"name":"Shaded","section":"Shading Mode"},"sceneLighting":true,"audioPlay":false,"sceneViewState":{"showFog":true,"showMaterialUpdate":false,"showSkybox":true,"showFlares":true,"showImageEffects":true,"showParticleSystems":true},"in2DMode":false,"pivot":{"x":-158.95037841796876,"y":63.803565979003909,"z":-212.41879272460938},"rotation":{"x":-0.40496042370796206,"y":0.1692439317703247,"z":-0.07702704519033432,"w":-0.8954223394393921},"size":53.23137664794922,"orthographic":false}