{"cameraMode":{"drawMode":0,"name":"Shaded","section":"Shading Mode"},"sceneLighting":true,"audioPlay":false,"sceneViewState":{"showFog":true,"showMaterialUpdate":false,"showSkybox":true,"showFlares":true,"showImageEffects":true,"showParticleSystems":true},"in2DMode":false,"pivot":{"x":-0.30148357152938845,"y":20.85039710998535,"z":-155.1808319091797},"rotation":{"x":0.40661075711250307,"y":-0.07776501774787903,"z":0.0347130186855793,"w":0.909748911857605},"size":53.23137664794922,"orthographic":false}