{"cameraMode":{"drawMode":0,"name":"Shaded","section":"Shading Mode"},"sceneLighting":true,"audioPlay":false,"sceneViewState":{"showFog":true,"showMaterialUpdate":false,"showSkybox":true,"showFlares":true,"showImageEffects":true,"showParticleSystems":true},"in2DMode":false,"pivot":{"x":-8.776900291442871,"y":-13.793073654174805,"z":-27.260961532592775},"rotation":{"x":-0.059649836272001269,"y":0.9403344988822937,"z":-0.23341724276542664,"w":-0.24030707776546479},"size":46.390506744384769,"orthographic":false}