{"cameraMode":{"drawMode":0,"name":"Shaded","section":"Shading Mode"},"sceneLighting":true,"audioPlay":false,"sceneViewState":{"showFog":true,"showMaterialUpdate":false,"showSkybox":true,"showFlares":true,"showImageEffects":true,"showParticleSystems":true},"in2DMode":false,"pivot":{"x":-239.74008178710938,"y":8.15506362915039,"z":-293.9105224609375},"rotation":{"x":0.2672978639602661,"y":0.06503589451313019,"z":-0.01816636696457863,"w":0.9613078236579895},"size":70.06584930419922,"orthographic":false}